<?xml version="1.0" encoding="utf-8"?>
<extension
    type="module"
    client="site"
    method="upgrade"
    version="3.5"
    >
    <name>travel</name>
    <author>GGallery</author>
    <creationDate>September 2017</creationDate>
    <copyright>Copyright (C) 2014 GGallery</copyright>
    <license>GNU General Public License version 2 or later; see LICENSE.txt</license>
    <authorEmail>info@ggallery.it</authorEmail>
    <authorUrl>www.ggallery.it</authorUrl>
    <version>1.3.9</version>
    <description>travel Module</description>

    <files>
        <filename module="mod_travel">mod_travel.php</filename>
        <folder>tmpl</folder>
        <folder>language</folder>
        <filename>helper.php</filename>
        <filename>index.html</filename>		
        <filename>mod_travel.xml</filename>
        <filename>modtravelupdate.xml</filename>
        <filename>infobox.png</filename>
    </files>

    <updateservers>
        <server type="extension" element="com_travel" name="travel" priority="1">https://raw.githubusercontent.com/GGallery/mod_travel/master/modtravelupdate.xml</server>
    </updateservers>

    <config>
        <fields name="params">
            <fieldset name="basic">
                <field
                    name="tipo"
                    type="list"
                    disable="separator"
                    label="Visuale"
                    description="Varia la vista ottuenuta"
                    default="search">
                    <option value="search">Modulo di ricerca</option>
                    <option value="menu">Menu</option>
                    <option value="footer">Footer</option>
                    <option value="sociallogin">Social Login</option>
                </field>
            </fieldset>

        </fields>
    </config>
    
</extension>
