<?xml version="1.0" encoding="UTF-8"?>
<updates>
	<update>
		<name>travel</name>
		<description>travel Module</description>
		<element>mod_travel</element>
		<type>module</type>
		<folder></folder>
		<version>1.3.10</version>
		<infourl title="travel  - github">https://github.com/GGallery/mod_travel_caress</infourl>
		<downloads>
			<downloadurl type="full" format="zip">https://github.com/GGallery/mod_travel_caress/archive/master.zip</downloadurl>
		</downloads>
		<maintainer>GGallery</maintainer>
		<maintainerurl>https://www.ggallery.it/</maintainerurl>
		<section>Updates</section>
		<targetplatform name="joomla" version="3.5" />
		<client>site</client>
	</update>
</updates>